                  epoch,         train/box_loss,         train/cls_loss,         train/dfl_loss,   metrics/precision(B),      metrics/recall(B),       metrics/mAP50(B),    metrics/mAP50-95(B),           val/box_loss,           val/cls_loss,           val/dfl_loss,                 lr/pg0,                 lr/pg1,                 lr/pg2
                      1,                 3.1731,                 4.0929,                 4.2222,                0.00334,                0.63237,                0.01674,                0.00505,                 2.7239,                 4.2708,                 4.1114,             0.00046681,             0.00046681,             0.00046681
                      2,                 3.1337,                  4.005,                 4.0039,                0.00128,                 0.3405,                0.00519,                0.00134,                 3.0967,                 5.0881,                 4.1928,             0.00092447,             0.00092447,             0.00092447
                      3,                 3.0447,                 3.8622,                 3.6943,                0.36852,                0.00748,                0.00657,                0.00192,                 2.8613,                 4.4919,                 3.9344,              0.0013633,              0.0013633,              0.0013633
                      4,                 2.9362,                 3.7968,                 3.4725,                0.00923,                0.06861,                0.00571,                0.00136,                 2.9352,                 7.9364,                 3.8884,              0.0013441,              0.0013441,              0.0013441
                      5,                  2.773,                 3.7426,                 3.3253,                0.39849,                 0.0338,                0.02993,                 0.0081,                 2.6984,                 4.8331,                 3.3829,              0.0013158,              0.0013158,              0.0013158
                      6,                 2.6405,                 3.6111,                 3.1716,                0.02962,                0.02941,                0.01291,                0.00495,                 2.5718,                 4.9096,                 3.6449,              0.0012875,              0.0012875,              0.0012875
                      7,                 2.5365,                 3.5373,                 3.0981,                0.10837,                 0.1943,                0.04549,                 0.0123,                 2.5731,                 4.3589,                 3.2918,              0.0012592,              0.0012592,              0.0012592
                      8,                 2.4266,                 3.4485,                 3.0057,                0.13136,                0.09638,                0.04615,                0.01472,                 2.5151,                 4.0821,                 3.3279,              0.0012309,              0.0012309,              0.0012309
                      9,                 2.3021,                 3.3747,                 2.8723,                0.20647,                0.02804,                0.03478,                0.01504,                 2.3422,                 4.1174,                 3.2048,              0.0012026,              0.0012026,              0.0012026
                     10,                 2.1877,                 3.1837,                 2.7706,                0.10646,                0.11017,                0.05863,                0.02206,                 2.2178,                 3.9633,                  2.995,              0.0011744,              0.0011744,              0.0011744
                     11,                  2.112,                 3.1238,                  2.683,                0.10487,                0.10332,                0.06702,                0.02652,                 2.1898,                 3.5338,                 2.9757,              0.0011461,              0.0011461,              0.0011461
                     12,                 2.0909,                 3.0721,                 2.6294,                0.14272,                 0.1057,                0.07325,                0.02132,                 2.3547,                 3.5654,                 3.2035,              0.0011178,              0.0011178,              0.0011178
                     13,                 2.0101,                 2.9875,                 2.5552,                 0.1891,                0.13783,                 0.0919,                0.03887,                 2.0765,                 3.3984,                 2.8524,              0.0010895,              0.0010895,              0.0010895
                     14,                 1.9591,                 2.9082,                   2.48,                0.17742,                0.11272,                0.08999,                0.03655,                 2.2281,                 3.5122,                  3.103,              0.0010612,              0.0010612,              0.0010612
                     15,                 1.9655,                 2.8492,                 2.4806,                0.14076,                 0.1659,                0.09746,                0.04003,                 2.2007,                 3.6483,                 2.9808,              0.0010329,              0.0010329,              0.0010329
                     16,                 1.8839,                 2.7865,                 2.4166,                0.19401,                0.21179,                0.14207,                 0.0748,                 1.8542,                  3.045,                 2.5938,              0.0010046,              0.0010046,              0.0010046
                     17,                 1.7586,                 2.6442,                 2.3096,                0.26814,                0.25098,                0.16289,                0.07983,                 1.8469,                 2.9334,                 2.5086,             0.00097629,             0.00097629,             0.00097629
                     18,                 1.8109,                 2.6864,                 2.3382,                0.22459,                0.26901,                0.17377,                0.10319,                  1.705,                  2.888,                 2.4539,               0.000948,               0.000948,               0.000948
                     19,                   1.72,                 2.6053,                 2.2757,                0.24511,                0.24225,                0.16128,                0.08531,                 1.8058,                 2.7681,                 2.5349,              0.0009197,              0.0009197,              0.0009197
                     20,                 1.7108,                   2.51,                 2.2478,                0.30151,                0.28216,                0.21772,                0.12374,                 1.6607,                 2.6557,                  2.387,             0.00089141,             0.00089141,             0.00089141
                     21,                 1.6629,                 2.4457,                 2.2058,                0.29887,                0.28795,                0.21802,                 0.1262,                 1.6838,                 2.5435,                 2.3675,             0.00086312,             0.00086312,             0.00086312
                     22,                 1.6426,                 2.4505,                 2.1799,                0.29143,                0.23049,                0.17937,                0.08304,                 1.8553,                 2.8445,                 2.6555,             0.00083482,             0.00083482,             0.00083482
                     23,                 1.6062,                 2.3294,                 2.1499,                0.34122,                0.34523,                0.24358,                0.13295,                 1.6435,                 2.5629,                  2.319,             0.00080653,             0.00080653,             0.00080653
                     24,                 1.6421,                 2.3724,                 2.1791,                0.35543,                0.40802,                0.29724,                0.18201,                 1.5141,                   2.35,                 2.2265,             0.00077823,             0.00077823,             0.00077823
                     25,                 1.5855,                 2.3359,                 2.1263,                0.35318,                0.42276,                0.30312,                0.17461,                 1.5531,                 2.2579,                 2.2505,             0.00074994,             0.00074994,             0.00074994
                     26,                 1.5981,                 2.2618,                 2.1244,                0.31235,                0.37933,                0.25721,                0.14099,                 1.6048,                 2.5537,                 2.2996,             0.00072164,             0.00072164,             0.00072164
                     27,                 1.5635,                 2.2778,                 2.0949,                0.38785,                0.42647,                0.33425,                0.20502,                 1.4718,                 2.3891,                 2.1657,             0.00069335,             0.00069335,             0.00069335
                     28,                 1.5175,                 2.1839,                 2.0614,                0.56841,                0.38655,                0.40691,                0.25826,                 1.5108,                 2.1147,                 2.2098,             0.00066506,             0.00066506,             0.00066506
                     29,                  1.471,                 2.1304,                 2.0142,                0.48673,                0.40747,                0.40907,                0.24348,                 1.5325,                 2.1245,                 2.2387,             0.00063676,             0.00063676,             0.00063676
                     30,                 1.4448,                 2.0661,                 1.9959,                0.34591,                0.35859,                0.27444,                0.16052,                 1.6123,                   2.39,                 2.3087,             0.00060847,             0.00060847,             0.00060847
                     31,                   1.43,                 2.0847,                 1.9961,                 0.5382,                0.37355,                0.41011,                0.26423,                 1.4227,                 2.1223,                 2.1596,             0.00058017,             0.00058017,             0.00058017
                     32,                 1.4111,                 2.0247,                  1.969,                 0.4575,                0.41742,                0.41729,                 0.2569,                 1.5206,                  2.107,                 2.2026,             0.00055188,             0.00055188,             0.00055188
                     33,                 1.4417,                 1.9892,                 1.9794,                0.55651,                0.35487,                0.40317,                 0.2592,                 1.4674,                 2.1205,                  2.164,             0.00052359,             0.00052359,             0.00052359
                     34,                 1.4362,                 2.0418,                 2.0004,                0.47816,                 0.4262,                0.42561,                0.27185,                 1.4747,                 2.0349,                 2.1271,             0.00049529,             0.00049529,             0.00049529
                     35,                 1.3828,                 1.9852,                 1.9435,                0.54728,                 0.4346,                 0.4626,                0.30298,                 1.3678,                 1.9556,                 2.0629,               0.000467,               0.000467,               0.000467
                     36,                 1.3841,                 2.0084,                 1.9449,                 0.5695,                0.40715,                0.46381,                0.30438,                 1.3907,                 1.9772,                 2.0766,              0.0004387,              0.0004387,              0.0004387
                     37,                  1.382,                 1.9544,                 1.9288,                0.63334,                 0.4063,                0.48328,                0.31604,                 1.3751,                 1.8853,                 2.0641,             0.00041041,             0.00041041,             0.00041041
                     38,                 1.3586,                 1.8816,                 1.9107,                0.43365,                0.46227,                0.43602,                0.28449,                 1.3927,                 1.9243,                 2.0649,             0.00038211,             0.00038211,             0.00038211
                     39,                 1.3645,                 1.9273,                 1.9213,                0.43586,                0.44665,                0.44408,                0.27917,                 1.4181,                 1.9657,                 2.0994,             0.00035382,             0.00035382,             0.00035382
                     40,                 1.3472,                 1.9168,                 1.9241,                0.57033,                0.44145,                0.49906,                0.33181,                 1.3443,                 1.7745,                 2.0257,             0.00032553,             0.00032553,             0.00032553
                     41,                 1.3019,                 1.9172,                 1.9733,                0.63847,                  0.443,                0.52685,                0.34828,                 1.3962,                 1.9121,                 2.1086,             0.00029723,             0.00029723,             0.00029723
                     42,                 1.2371,                 1.7738,                 1.9195,                0.53491,                0.50327,                0.50371,                0.32261,                 1.4123,                 1.8311,                 2.0897,             0.00026894,             0.00026894,             0.00026894
                     43,                 1.2474,                 1.6983,                 1.9119,                0.65725,                0.48597,                0.53787,                0.35712,                 1.3626,                 1.7568,                 2.0244,             0.00024064,             0.00024064,             0.00024064
                     44,                 1.2357,                 1.6935,                 1.8795,                0.59545,                0.50332,                0.54877,                0.37115,                 1.3098,                 1.7285,                 1.9574,             0.00021235,             0.00021235,             0.00021235
                     45,                 1.1822,                 1.6214,                 1.8345,                0.54605,                0.49429,                 0.5466,                0.37625,                 1.3223,                 1.7167,                 1.9799,             0.00018406,             0.00018406,             0.00018406
                     46,                 1.1903,                 1.6103,                 1.8456,                0.50919,                0.55431,                0.56465,                0.37748,                 1.2945,                 1.6664,                 1.9498,             0.00015576,             0.00015576,             0.00015576
                     47,                   1.17,                 1.5795,                 1.8055,                0.52569,                0.54759,                0.55498,                0.37937,                 1.2755,                 1.6502,                 1.9288,             0.00012747,             0.00012747,             0.00012747
                     48,                 1.1279,                 1.5623,                 1.7728,                0.71242,                0.43349,                0.57056,                0.38912,                 1.2797,                 1.6481,                 1.9359,             9.9173e-05,             9.9173e-05,             9.9173e-05
                     49,                 1.1408,                 1.5239,                 1.7936,                0.63808,                0.46928,                0.58735,                0.40509,                 1.2721,                 1.5932,                 1.9252,             7.0878e-05,             7.0878e-05,             7.0878e-05
                     50,                 1.1427,                 1.5441,                 1.7781,                0.58768,                 0.5392,                 0.5986,                0.40857,                  1.247,                 1.5732,                    1.9,             4.2584e-05,             4.2584e-05,             4.2584e-05
